{
  "hash": "760e3adb",
  "configHash": "7c381a56",
  "lockfileHash": "65471560",
  "browserHash": "d2fce302",
  "optimized": {
    "@angular/common/http": {
      "src": "../../../../../../node_modules/@angular/common/fesm2022/http.mjs",
      "file": "@angular_common_http.js",
      "fileHash": "322c1906",
      "needsInterop": false
    },
    "@angular/core": {
      "src": "../../../../../../node_modules/@angular/core/fesm2022/core.mjs",
      "file": "@angular_core.js",
      "fileHash": "8497b4b9",
      "needsInterop": false
    },
    "@angular/forms": {
      "src": "../../../../../../node_modules/@angular/forms/fesm2022/forms.mjs",
      "file": "@angular_forms.js",
      "fileHash": "8fbd0424",
      "needsInterop": false
    },
    "@angular/platform-browser": {
      "src": "../../../../../../node_modules/@angular/platform-browser/fesm2022/platform-browser.mjs",
      "file": "@angular_platform-browser.js",
      "fileHash": "f34d615c",
      "needsInterop": false
    },
    "@angular/router": {
      "src": "../../../../../../node_modules/@angular/router/fesm2022/router.mjs",
      "file": "@angular_router.js",
      "fileHash": "94cf14c8",
      "needsInterop": false
    },
    "rxjs": {
      "src": "../../../../../../node_modules/rxjs/dist/esm5/index.js",
      "file": "rxjs.js",
      "fileHash": "146b814b",
      "needsInterop": false
    }
  },
  "chunks": {
    "chunk-DX53O44J": {
      "file": "chunk-DX53O44J.js"
    },
    "chunk-2QF2JRYH": {
      "file": "chunk-2QF2JRYH.js"
    },
    "chunk-7XMO2OET": {
      "file": "chunk-7XMO2OET.js"
    },
    "chunk-JYXXJTPI": {
      "file": "chunk-JYXXJTPI.js"
    },
    "chunk-5TID76VL": {
      "file": "chunk-5TID76VL.js"
    }
  }
}