{
  "hash": "983e6cee",
  "configHash": "eb0a7f00",
  "lockfileHash": "bac7db46",
  "browserHash": "7b6b98f3",
  "optimized": {
    "@angular/core": {
      "src": "../../../../../../node_modules/@angular/core/fesm2022/core.mjs",
      "file": "@angular_core.js",
      "fileHash": "39867cb5",
      "needsInterop": false
    },
    "@angular/forms": {
      "src": "../../../../../../node_modules/@angular/forms/fesm2022/forms.mjs",
      "file": "@angular_forms.js",
      "fileHash": "4f2ad72f",
      "needsInterop": false
    },
    "@angular/platform-browser": {
      "src": "../../../../../../node_modules/@angular/platform-browser/fesm2022/platform-browser.mjs",
      "file": "@angular_platform-browser.js",
      "fileHash": "9195c6d6",
      "needsInterop": false
    },
    "@angular/router": {
      "src": "../../../../../../node_modules/@angular/router/fesm2022/router.mjs",
      "file": "@angular_router.js",
      "fileHash": "a7d705fc",
      "needsInterop": false
    }
  },
  "chunks": {
    "chunk-6FFB2NHC": {
      "file": "chunk-6FFB2NHC.js"
    },
    "chunk-NLDELHJ4": {
      "file": "chunk-NLDELHJ4.js"
    },
    "chunk-PSGA3BG2": {
      "file": "chunk-PSGA3BG2.js"
    }
  }
}